iter	CrossEntropy
0	0.6297842624
1	0.5875502124
2	0.5489022618
3	0.5204966444
4	0.4969643516
