iter	CrossEntropy
0	0.6340398559
1	0.5917528096
2	0.5578596187
3	0.5316493004
4	0.5103813511
