iter	CrossEntropy
0	0.6349731701
1	0.5911072534
2	0.5582667203
3	0.5312142147
4	0.5089726732
