iter	Logloss
0	0.6554510646
1	0.625153423
2	0.5991939691
3	0.5782790442
4	0.5590504336
